scale,seed,reference_rho,policy,utility_ratio,mean_wait,backpressure,packets,backpressure_per_1k,final_regret
0.7,0,0.1796125,ucp,0.8914227476888523,2.653647672546067,2,5472,0.3654970760233918,17.73286329415137
0.7,0,0.1796125,ucp_gg1,0.8940879073871405,2.489147346696787,2,4752,0.4208754208754209,17.2975887630609
0.7,0,0.1796125,ucp_gg1_feedback,0.8942070915618424,2.555009354941645,2,4474,0.4470272686633885,17.27812357461832
0.7,1,0.18207500000000001,ucp,0.9135120540091762,2.7892130856893247,0,5564,0.0,14.277150742981263
0.7,1,0.18207500000000001,ucp_gg1,0.9172727739735932,2.6384975247484563,0,4820,0.0,13.656343239473017
0.7,1,0.18207500000000001,ucp_gg1_feedback,0.9155222650666808,2.675057778378586,0,4528,0.0,13.945311595173962
0.7,2,0.18195,ucp,0.9168039056742556,2.968822452031959,1,5618,0.17799928800284798,13.710687921324876
0.7,2,0.18195,ucp_gg1,0.9259192515520615,2.84888292718683,1,4974,0.2010454362685967,12.208482034877903
0.7,2,0.18195,ucp_gg1_feedback,0.9193494497318812,2.8257893992665912,1,4678,0.21376656690893545,13.291183130301448
0.7,3,0.18398749999999997,ucp,0.9093937251191448,2.9500385836760064,16,5580,2.867383512544803,15.385618374568594
0.7,3,0.18398749999999997,ucp_gg1,0.9198131034641854,2.9544770929393565,0,4708,0.0,13.616330550653089
0.7,3,0.18398749999999997,ucp_gg1_feedback,0.9244921169359717,2.9135733970446305,0,4532,0.0,12.821799313815092
0.7,4,0.18202500000000002,ucp,0.914433237484731,3.1106834494029294,10,5506,1.8162005085361423,14.297631789716945
0.7,4,0.18202500000000002,ucp_gg1,0.9326442152604951,2.9925691997916637,3,4546,0.6599208095028597,11.254699614713473
0.7,4,0.18202500000000002,ucp_gg1_feedback,0.9317303309192195,2.8808523236877193,3,4246,0.706547338671691,11.407403555190541
0.7,5,0.1807625,ucp,0.9075997746115964,2.6511109396348345,1,5568,0.17959770114942528,15.635517710661873
0.7,5,0.1807625,ucp_gg1,0.9250366056431203,2.625822463407217,1,4590,0.2178649237472767,12.684941786575138
0.7,5,0.1807625,ucp_gg1_feedback,0.9181790702134879,2.6082126859857615,1,4186,0.23889154323936931,13.845340651521695
0.7,6,0.17958749999999998,ucp,0.9230818432979192,2.8133156997954694,2,5498,0.3637686431429611,12.593039594335579
0.7,6,0.17958749999999998,ucp_gg1,0.9279134840921195,2.858182330756394,2,4668,0.4284490145672665,11.802003427639136
0.7,6,0.17958749999999998,ucp_gg1_feedback,0.9342081675250107,2.9439194621595455,2,4448,0.44964028776978415,10.771437939555057
0.7,7,0.185275,ucp,0.9133188771400234,2.7823045337912164,2,5696,0.351123595505618,14.323833757478013
0.7,7,0.185275,ucp_gg1,0.9169798262066516,2.727555411379885,2,4988,0.40096230954290296,13.718871291663078
0.7,7,0.185275,ucp_gg1_feedback,0.9200419135518624,2.710632621653834,2,4868,0.4108463434675431,13.212869192976285
0.7,8,0.183675,ucp,0.909960108978928,2.9881893281977434,6,5710,1.0507880910683012,15.231540631705172
0.7,8,0.183675,ucp_gg1,0.9339900601405527,2.9668918436104854,0,4590,0.0,11.166529297889582
0.7,8,0.183675,ucp_gg1_feedback,0.931271004004462,2.9735100522139075,0,4512,0.0,11.626496691753488
0.7,9,0.18425,ucp,0.9323192239117464,3.033766249497404,0,5782,0.0,11.313211100267921
0.7,9,0.18425,ucp_gg1,0.9412258461814589,2.9124833309949207,0,4848,0.0,9.8244205787731
0.7,9,0.18425,ucp_gg1_feedback,0.9381344339878925,2.840461656709856,0,4642,0.0,10.341166998733684
0.7,10,0.18339999999999998,ucp,0.9240317959030813,2.9224889271216656,3,5608,0.5349500713266762,12.389446517768079
0.7,10,0.18339999999999998,ucp_gg1,0.9314466061631058,2.929207472178786,3,4514,0.664599025254763,11.180185403226375
0.7,10,0.18339999999999998,ucp_gg1_feedback,0.9362956689230207,2.9179944724566185,3,4410,0.6802721088435374,10.38936502726196
0.7,11,0.1848125,ucp,0.9011029875868908,3.0032930458095755,1,5776,0.1731301939058172,16.73174816304973
0.7,11,0.1848125,ucp_gg1,0.9123545029392985,2.7441571244275047,1,4538,0.22036139268400176,14.828176793848087
0.7,11,0.1848125,ucp_gg1_feedback,0.9142118480809207,2.6282688455139285,0,4268,0.0,14.51394453947347
1.0,0,0.258575,ucp,0.923777016712346,5.293892158698062,44,8032,5.47808764940239,17.00515056296345
1.0,0,0.258575,ucp_gg1,0.9399143947189522,4.9403924974573625,27,6850,3.9416058394160585,13.404943238905048
1.0,0,0.258575,ucp_gg1_feedback,0.958565591232439,5.030821950501056,8,5808,1.3774104683195592,9.243909503262302
1.0,1,0.261075,ucp,0.8913389355989492,6.455856141917503,155,8150,19.01840490797546,24.497292696762514
1.0,1,0.261075,ucp_gg1,0.8952065671867607,6.373054077523183,153,7184,21.297327394209354,23.625347409164647
1.0,1,0.261075,ucp_gg1_feedback,0.9292617353557245,5.577411798355074,55,6122,8.983992159425025,15.947717642963795
1.0,2,0.26185,ucp,0.9101175650511778,5.157127440245942,71,7836,9.060745278203164,21.267417828086252
1.0,2,0.26185,ucp_gg1,0.9238404898170569,5.00593625239093,68,6678,10.182689427972447,18.020385468699033
1.0,2,0.26185,ucp_gg1_feedback,0.9393788228586794,4.89060948269687,41,6140,6.677524429967427,14.343802593120472
1.0,3,0.2634875,ucp,0.8835633988495616,5.011679630446768,59,7802,7.562163547808255,26.635278454914527
1.0,3,0.2634875,ucp_gg1,0.897107250520831,4.801912289015981,38,6644,5.71944611679711,23.53707516615458
1.0,3,0.2634875,ucp_gg1_feedback,0.9063705845858376,4.62232741492061,11,6106,1.8015067147068458,21.418055203320336
1.0,4,0.25972500000000004,ucp,0.8971082931618541,5.618368559786427,41,8000,5.125,23.767172302784587
1.0,4,0.25972500000000004,ucp_gg1,0.9134320510071933,5.542882545884237,25,6630,3.770739064856712,19.996513060544544
1.0,4,0.25972500000000004,ucp_gg1_feedback,0.921700683248687,5.230087155762381,21,5946,3.5317860746720484,18.086524265227155
1.0,5,0.26013749999999997,ucp,0.9137600669763037,5.208334700074553,58,8030,7.22291407222914,19.84014156683085
1.0,5,0.26013749999999997,ucp_gg1,0.9426632429305093,4.749234108295279,11,6712,1.6388557806912991,13.190749776314334
1.0,5,0.26013749999999997,ucp_gg1_feedback,0.9489150368649849,4.8431358512044245,6,6124,0.9797517962116263,11.752477825516678
1.0,6,0.2609625,ucp,0.9111668079217204,5.467669607122331,45,8008,5.619380619380619,20.078546998526548
1.0,6,0.2609625,ucp_gg1,0.9395234782458177,5.206800723224131,4,6354,0.6295247088448221,13.669222685128119
1.0,6,0.2609625,ucp_gg1_feedback,0.9430522046097733,5.212450349114157,4,6094,0.6563833278634723,12.871641325210447
1.0,7,0.26520000000000005,ucp,0.8939600326795689,5.759589902818993,90,8262,10.893246187363834,24.667769772276074
1.0,7,0.26520000000000005,ucp_gg1,0.9325210684882611,5.104378667728571,58,6068,9.558338826631509,15.697427951678037
1.0,7,0.26520000000000005,ucp_gg1_feedback,0.9316215165238151,5.11474988017901,58,5888,9.85054347826087,15.90668811384029
1.0,8,0.26411250000000003,ucp,0.8890426815780879,6.908767652685798,201,8372,24.008600095556616,25.475248666598276
1.0,8,0.26411250000000003,ucp_gg1,0.9253163555833003,6.2727340072457,92,6880,13.372093023255815,17.146993455706138
1.0,8,0.26411250000000003,ucp_gg1_feedback,0.9306976462411087,6.055955061844588,81,6556,12.35509456985967,15.911475874669861
1.0,9,0.2680625,ucp,0.8979744777222868,6.320457998514486,123,8326,14.773000240211386,24.061617085518066
1.0,9,0.2680625,ucp_gg1,0.9418638864718742,5.776026572897273,10,6554,1.5257857796765335,13.710774238884113
1.0,9,0.2680625,ucp_gg1_feedback,0.9520957699964253,5.742562735226661,10,5896,1.6960651289009498,11.297695060899372
1.0,10,0.2660625,ucp,0.9033617972968466,5.644756077327294,47,8148,5.768286696121748,22.42752619007757
1.0,10,0.2660625,ucp_gg1,0.9325402498136957,5.0747126484442315,2,6582,0.3038590094196293,15.655871816312896
1.0,10,0.2660625,ucp_gg1_feedback,0.9322636676159988,4.987152170531467,2,6374,0.3137747097583935,15.720060246033682
1.0,11,0.2618625,ucp,0.89372269588475,5.9513155698520555,114,7866,14.492753623188406,25.090513919050238
1.0,11,0.2618625,ucp_gg1,0.9361782137452503,5.564066655202309,51,6350,8.031496062992126,15.067388373221519
1.0,11,0.2618625,ucp_gg1_feedback,0.9506457301612817,5.376381300138092,26,6032,4.310344827586207,11.651819780920022
1.3,0,0.3415125,ucp,0.8199216004487017,12.520097536475093,812,10758,75.47871351552332,51.41419937455339
1.3,0,0.3415125,ucp_gg1,0.8905137993478479,10.86660617952054,462,8354,55.302848934642086,31.259414583416202
1.3,0,0.3415125,ucp_gg1_feedback,0.924723766924848,9.706394239273713,308,7554,40.77310034418851,21.49212379238577
1.3,1,0.340275,ucp,0.8371395552621174,11.378068752807858,576,10532,54.69046714774022,45.53127862755716
1.3,1,0.340275,ucp_gg1,0.883867154870773,10.063403168717686,373,8640,43.1712962962963,32.46753340198771
1.3,1,0.340275,ucp_gg1_feedback,0.9202032412013396,8.364634212799348,166,7306,22.72105119080208,22.308968051053455
1.3,2,0.3434,ucp,0.8351934037880987,11.104308393618187,501,10552,47.47915087187263,47.059308308041324
1.3,2,0.3434,ucp_gg1,0.9060327755077241,9.454560088777022,244,8108,30.093734583127777,26.831648064300055
1.3,2,0.3434,ucp_gg1_feedback,0.9515114422790814,8.213971479671628,44,6964,6.318207926479035,13.845550115403626
1.3,3,0.338975,ucp,0.8553098465387858,10.25516433202432,443,10532,42.0622863653627,40.887750970472666
1.3,3,0.338975,ucp_gg1,0.9099892471393468,8.823302652075892,230,8272,27.804642166344294,25.43598966198971
1.3,3,0.338975,ucp_gg1_feedback,0.9610452822442672,7.8920541874225805,46,7026,6.54711073156846,11.00814921140028
1.3,4,0.3420875,ucp,0.8464432535788933,10.54509844650796,481,10462,45.97591282737526,44.2772667687351
1.3,4,0.3420875,ucp_gg1,0.891124339978205,9.398982387766061,317,8392,37.77407054337464,31.39371441347828
1.3,4,0.3420875,ucp_gg1_feedback,0.9333773473306229,8.787924138984867,137,7154,19.150125803746157,19.210285668551535
1.3,5,0.3384,ucp,0.81247812428045,12.066374072486585,692,10578,65.41879372282095,53.049948275802535
1.3,5,0.3384,ucp_gg1,0.8946212790328406,9.46785453693764,248,8088,30.66271018793274,29.811645575893806
1.3,5,0.3384,ucp_gg1_feedback,0.9378796473363272,7.961046492876261,49,7036,6.964184195565663,17.57385096025297
1.3,6,0.34276249999999997,ucp,0.8390540713255111,10.722265546283035,601,10570,56.859035004730366,46.43637121520891
1.3,6,0.34276249999999997,ucp_gg1,0.8645270828152729,10.050207635894111,460,8752,52.55941499085923,39.08685807592218
1.3,6,0.34276249999999997,ucp_gg1_feedback,0.9211902757132449,8.614096560507383,164,7404,22.15018908698001,22.738304985332036
1.3,7,0.3424375,ucp,0.846523955873265,11.216739860454883,559,10706,52.21371193723146,43.68525609303495
1.3,7,0.3424375,ucp_gg1,0.941379499897612,8.485617026556474,125,8098,15.43591010125957,16.68567608609942
1.3,7,0.3424375,ucp_gg1_feedback,0.9563267527091545,7.653123122207714,45,7042,6.3902300482817385,12.43110612584968
1.3,8,0.3436625,ucp,0.7673904870775627,15.429410387050604,1190,10590,112.37016052880075,65.9617668456008
1.3,8,0.3436625,ucp_gg1,0.8779771132545392,12.401309866994158,591,8330,70.9483793517407,34.602390522244434
1.3,8,0.3436625,ucp_gg1_feedback,0.9130987126478349,11.65688739200681,386,7446,51.83991404781091,24.642854812294104
1.3,9,0.3473375,ucp,0.8102045179983053,13.849927687101873,965,10848,88.95648967551622,55.31470133577764
1.3,9,0.3473375,ucp_gg1,0.938164823584695,10.769049765677037,257,7588,33.86926726410121,18.02147384850383
1.3,9,0.3473375,ucp_gg1_feedback,0.9573867313414065,10.375931831177216,200,7136,28.026905829596412,12.419369544161782
1.3,10,0.3457875,ucp,0.813444699770535,11.686690668628168,634,10656,59.496996996997,53.70728013486621
1.3,10,0.3457875,ucp_gg1,0.8670704556036178,10.256967904296436,367,8298,44.227524704748134,38.26899729096539
1.3,10,0.3457875,ucp_gg1_feedback,0.9112230986331434,9.076707157045556,101,7114,14.197357323587292,25.557922532088355
1.3,11,0.3423125,ucp,0.8483041117164445,11.502201495212635,610,10374,58.800848274532484,42.481551127041655
1.3,11,0.3423125,ucp_gg1,0.9116559491408349,9.809530652372585,328,8182,40.0879980444879,24.74023756219654
1.3,11,0.3423125,ucp_gg1_feedback,0.9447534549171402,8.485242062216637,141,7406,19.038617337294085,15.471473591577478
1.6,0,0.4279,ucp,0.4688925941227273,31.517446340132672,3218,12832,250.7793017456359,174.78429121695655
1.6,0,0.4279,ucp_gg1,0.7012404232215174,23.058896454036347,2010,9752,206.11156685808038,98.32000136629904
1.6,0,0.4279,ucp_gg1_feedback,0.8921438860569484,15.181429665219222,523,7936,65.90221774193549,35.49480617355158
1.6,1,0.422425,ucp,0.4427481641279485,33.10808194820687,3257,13098,248.66391815544358,181.5360483775904
1.6,1,0.422425,ucp_gg1,0.7373506607178247,23.63035311491867,1424,9666,147.3205048624043,85.56333078320952
1.6,1,0.422425,ucp_gg1_feedback,0.7991959774850309,20.794413027796114,995,8646,115.0821188989128,65.41596886557778
1.6,2,0.4284375,ucp,0.48193072691839445,31.960761833818175,3545,13206,268.43858852036954,170.1983342802887
1.6,2,0.4284375,ucp_gg1,0.7190795323587481,24.128681025902257,1722,10172,169.2882422335824,92.28919401720529
1.6,2,0.4284375,ucp_gg1_feedback,0.9310200688276403,15.45140826618776,473,8908,53.09833857207005,22.661582136440018
1.6,3,0.4231125,ucp,0.4020890212687683,35.572637323550055,3886,13194,294.5278156737911,194.4026406370312
1.6,3,0.4231125,ucp_gg1,0.8401245007302185,21.138485877541406,1260,9264,136.0103626943005,51.98134895793612
1.6,3,0.4231125,ucp_gg1_feedback,0.9346405713389698,17.986970650673165,605,8410,71.93816884661118,21.25073125299383
1.6,4,0.4227125,ucp,0.4186334608507928,33.788347783581074,3509,13158,266.68186654506763,189.46642249893597
1.6,4,0.4227125,ucp_gg1,0.5483656953128929,29.47428355088107,2704,10282,262.9838552810737,147.18689540007952
1.6,4,0.4227125,ucp_gg1_feedback,0.8333371578428524,18.396576122362895,929,8342,111.36418125149844,54.31515290376109
1.6,5,0.42055,ucp,0.4073137774724101,35.72525903784503,3411,12864,265.1585820895522,191.6091497243685
1.6,5,0.42055,ucp_gg1,0.5929171767305871,29.945060676201912,2367,9876,239.6719319562576,131.60554551344677
1.6,5,0.42055,ucp_gg1_feedback,0.8592944474546403,19.98078005943462,1056,8490,124.38162544169612,45.48860806943895
1.6,6,0.4236875,ucp,0.07423566473784483,49.871615478257965,4928,13320,369.96996996996995,296.6168118821272
1.6,6,0.4236875,ucp_gg1,0.33451520205970386,40.58313009722833,3230,10276,314.324639937719,213.22270863369866
1.6,6,0.4236875,ucp_gg1_feedback,0.8746199069524534,19.569723685052608,809,8220,98.41849148418491,40.17204169214017
1.6,7,0.42853750000000007,ucp,0.436212337353694,35.943507698395535,4149,13466,308.10931234219515,185.9012790641589
1.6,7,0.42853750000000007,ucp_gg1,0.7158849767976544,26.463884974074364,1971,9428,209.0581247348324,93.68304720742773
1.6,7,0.42853750000000007,ucp_gg1_feedback,0.9402257447339836,17.183467497358862,499,8144,61.27210216110019,19.70974401408853
1.6,8,0.4312125,ucp,0.40096684528383586,35.81559321089254,3484,13162,264.7014131590944,196.92551244697972
1.6,8,0.4312125,ucp_gg1,0.7600673734329348,24.944624641698756,1450,9568,151.54682274247492,78.87519257904304
1.6,8,0.4312125,ucp_gg1_feedback,0.8473534738455654,21.075776680279205,960,8458,113.50200993142587,50.180854180694666
1.6,9,0.429375,ucp,0.08859597894369188,48.961800533910306,4379,13348,328.06412945759666,297.5441195375927
1.6,9,0.429375,ucp_gg1,0.4528865124805018,38.24322620746686,2512,9974,251.85482253860036,178.61496896015265
1.6,9,0.429375,ucp_gg1_feedback,0.7848308172476557,26.294778315288557,1342,8152,164.62217860647695,70.24582243939238
1.6,10,0.42736250000000003,ucp,0.2654542839803202,40.83563314605761,3817,13088,291.6411980440098,238.25804526204584
1.6,10,0.42736250000000003,ucp_gg1,0.6087906537536035,29.167322092520116,2068,10338,200.03869220352098,126.89308792104106
1.6,10,0.42736250000000003,ucp_gg1_feedback,0.9136064384735646,18.34243474233439,614,8538,71.91379714218786,28.022709333946068
1.6,11,0.4261875,ucp,0.33305524656135244,39.20529774442446,4034,13358,301.99131606527925,215.82238848791363
1.6,11,0.4261875,ucp_gg1,0.6977123612543461,28.349506429628843,1999,9588,208.48977889027952,97.81985669441224
1.6,11,0.4261875,ucp_gg1_feedback,0.8889847030618424,20.985404434324423,885,8296,106.67791706846673,35.92439466740956
