window,phase,oracle_utility,oracle_cumulative,ucp_utility,ucp_cumulative,ucp_allocation,ucp_beta,ucp_gg1_utility,ucp_gg1_cumulative,ucp_gg1_allocation,ucp_gg1_beta,ucp_gg1_feedback_utility,ucp_gg1_feedback_cumulative,ucp_gg1_feedback_allocation,ucp_gg1_feedback_beta
0,steady,6.911408743461688,6.911408743461688,4.793908386510043,4.793908386510043,1;1;1;1,1.0,4.793908386510043,4.793908386510043,1;1;1;1,1.0,4.793908386510043,4.793908386510043,1;1;1;1,1.0
1,steady,7.668767390831904,14.580176134293591,6.864754121113076,11.658662507623118,2;0;2;0,1.0,6.864754121113076,11.658662507623118,2;0;2;0,1.0,6.864754121113076,11.658662507623118,2;0;2;0,1.0
2,steady,7.609694835081375,22.189870969374965,7.135823300882682,18.7944858085058,3;1;0;0,1.0,7.032045168339394,18.690707675962514,4;0;0;0,1.0,7.032045168339394,18.690707675962514,4;0;0;0,1.107423473607743
3,steady,8.253881591659658,30.44375256103462,7.7861303303005425,26.58061613880634,2;0;2;0,1.0,7.7861303303005425,26.47683800626306,2;0;2;0,1.0,7.7861303303005425,26.47683800626306,2;0;2;0,1.0871627832815363
4,steady,6.556237854395515,36.99999041543013,6.022782146926898,32.60339828573324,2;2;0;0,1.0,6.022782146926898,32.49962015318996,2;2;0;0,1.0,6.022782146926898,32.49962015318996,2;2;0;0,1.0746621547643445
5,steady,8.61504197285949,45.61503238828962,7.892029167240154,40.495427452973395,2;0;2;0,1.0,7.892029167240154,40.39164932043011,2;0;2;0,1.0,7.892029167240154,40.39164932043011,2;0;2;0,1.0559966160732583
6,steady,7.539559705352684,53.15459209364231,7.277671093143225,47.77309854611662,3;0;1;0,1.0,7.392493762212646,47.78414308264276,4;0;0;0,1.0,7.392493762212646,47.78414308264276,4;0;0;0,1.0419974620549437
7,steady,7.149887601276566,60.304479694918875,7.149887601276566,54.92298614739319,2;2;0;0,1.0,7.149887601276566,54.934030683919325,2;2;0;0,1.0,7.149887601276566,54.934030683919325,2;2;0;0,1.0314980965412077
8,contention,6.717950004749147,67.02242969966802,4.825059487069199,59.748045634462386,2;2;0;0,1.0,4.825059487069199,59.75909017098852,2;2;0;0,1.0,4.825059487069199,59.75909017098852,2;2;0;0,1.7736235724059057
9,contention,6.364892695492642,73.38732239516067,4.3773134915407415,64.12535912600313,2;2;0;0,1.0,4.3773134915407415,64.13640366252926,2;2;0;0,1.0,6.022683103006508,65.78177327399503,4;0;0;0,2.3302176793044294
10,contention,6.927129699976678,80.31445209513734,4.06442962152251,68.18978874752564,2;2;0;0,1.0,4.06442962152251,68.20083328405177,2;2;0;0,1.0,4.06442962152251,69.84620289551754,2;2;0;0,2.747663259478322
11,contention,6.643371485527389,86.95782358066472,2.5677856604614897,70.75757440798714,2;2;0;0,1.0,2.5677856604614897,70.76861894451326,2;2;0;0,1.0,2.5677856604614897,72.41398855597903,2;2;0;0,3.0607474446087415
12,contention,6.910719695681261,93.86854327634599,5.555390997823031,76.31296540581016,2;2;0;0,1.0,5.555390997823031,76.32400994233629,2;2;0;0,1.0,5.555390997823031,77.96937955380206,2;2;0;0,3.295560583456556
13,contention,6.5228486157033,100.39139189204928,4.281766677485445,80.59473208329561,3;1;0;0,1.0,6.469961735752677,82.79397167808897,4;0;0;0,1.0,6.469961735752677,84.43934128955473,4;0;0;0,3.471670437592417
14,contention,7.0509652976216115,107.4423571896709,5.423891978866658,86.01862406216227,2;2;0;0,1.0,5.423891978866658,88.21786365695563,2;2;0;0,1.0,7.0509652976216115,91.49030658717635,4;0;0;0,3.6037528281943128
15,contention,7.252497125393691,114.69485431506459,6.048816671119714,92.06744073328198,3;1;0;0,1.0,7.252497125393691,95.47036078234932,4;0;0;0,1.0,7.252497125393691,98.74280371257004,4;0;0;0,3.7028146211457345
16,contention,6.581347925264125,121.27620224032871,5.9867111243402675,98.05415185762226,3;1;0;0,1.0,6.581347925264125,102.05170870761344,4;0;0;0,1.0,6.581347925264125,105.32415163783416,4;0;0;0,3.777110965859301
17,contention,6.401876035116153,127.67807827544488,4.47002593674595,102.52417779436821,3;0;1;0,1.0,6.401876035116153,108.45358474272959,4;0;0;0,1.0,6.401876035116153,111.72602767295032,4;0;0;0,3.832833224394476
18,contention,6.239987425584131,133.918065701029,2.7794603044854274,105.30363809885364,3;1;0;0,1.0,6.239987425584131,114.69357216831372,4;0;0;0,1.0,6.239987425584131,117.96601509853446,4;0;0;0,3.874624918295857
19,contention,6.058286325401838,139.97635202643085,3.5899996538395174,108.89363775269315,2;2;0;0,1.0,6.058286325401838,120.75185849371556,4;0;0;0,1.0,6.058286325401838,124.0243014239363,4;0;0;0,3.9059686887218925
20,contention,6.621738776464321,146.59809080289517,5.311234649191123,114.20487240188427,2;2;0;0,1.0,5.311234649191123,126.06309314290668,2;2;0;0,1.0,5.5001033227592995,129.52440474669558,0;4;0;0,3.9294765165414196
21,contention,5.724704118662569,152.32279492155774,4.554310286487614,118.7591826883719,2;0;2;0,1.0,4.554310286487614,130.6174034293943,2;0;2;0,1.0,5.724704118662569,135.24910886535815,4;0;0;0,3.9471073874060645
22,contention,6.241774287598455,158.5645692091562,5.691198531793064,124.45038122016496,2;2;0;0,1.0,5.691198531793064,136.30860196118738,2;2;0;0,1.0,5.691198531793064,140.94030739715123,2;2;0;0,3.9603305405545486
23,contention,5.847806189102503,164.4123753982587,4.972936102240841,129.4233173224058,0;2;2;0,1.0,4.972936102240841,141.28153806342823,0;2;2;0,1.0,5.847806189102503,146.78811358625373,0;4;0;0,3.9702479054159117
24,contention,7.341400137402161,171.75377553566085,4.692714929417416,134.1160322518232,2;2;0;0,1.0,4.692714929417416,145.97425299284563,2;2;0;0,1.0,4.692714929417416,151.48082851567113,2;2;0;0,3.9776859290619337
25,contention,7.8465110260954685,179.60028656175632,5.887438661812723,140.00347091363594,3;1;0;0,1.0,7.8465110260954685,153.8207640189411,4;0;0;0,1.0,7.8465110260954685,159.3273395417666,4;0;0;0,3.98326444679645
26,contention,6.595051460643157,186.19533802239948,5.845728822262874,145.84919973589882,3;0;1;0,1.0,6.595051460643157,160.41581547958427,4;0;0;0,1.0,6.595051460643157,165.92239100240977,4;0;0;0,3.9874483350973375
27,contention,7.499319782965358,193.69465780536484,4.211261127830727,150.06046086372956,2;2;0;0,1.0,4.211261127830727,164.627076607415,2;2;0;0,1.0,7.499319782965358,173.42171078537513,4;0;0;0,3.9905862513230033
28,contention,6.511486400054481,200.20614420541932,5.4262634189504055,155.48672428267997,3;1;0;0,1.0,6.511486400054481,171.1385630074695,4;0;0;0,1.0,6.511486400054481,179.9331971854296,4;0;0;0,3.9929396884922523
29,contention,6.547678393342856,206.75382259876218,5.483889010064916,160.9706132927449,3;0;1;0,1.0,6.547678393342856,177.68624140081235,4;0;0;0,1.0,6.547678393342856,186.48087557877247,4;0;0;0,3.994704766369189
30,contention,7.497292265057938,214.25111486382013,6.594050971640806,167.5646642643857,3;0;1;0,1.0,7.497292265057938,185.1835336658703,4;0;0;0,1.0,7.497292265057938,193.97816784383042,4;0;0;0,3.9960285747768918
31,contention,6.660436237611843,220.91155110143197,4.852646325550347,172.41731058993605,3;1;0;0,1.0,6.660436237611843,191.84396990348213,4;0;0;0,1.0,6.660436237611843,200.63860408144225,4;0;0;0,3.997021431082669
32,recovery,7.497179205746483,228.40873030717844,6.5245225926761234,178.94183318261219,2;0;2;0,1.0,6.5245225926761234,198.36849249615827,2;0;2;0,1.0,7.497179205746483,208.13578328718873,4;0;0;0,3.2477660733120017
33,recovery,8.897669636375406,237.30639994355386,8.734875223734683,187.67670840634688,3;1;0;0,1.0,8.897669636375406,207.26616213253368,4;0;0;0,1.0,8.897669636375406,217.03345292356414,4;0;0;0,2.685824554984001
34,recovery,8.168307815797524,245.4747077593514,8.069976152832592,195.74668455917947,3;1;0;0,1.0,8.168307815797524,215.4344699483312,4;0;0;0,1.0,8.168307815797524,225.20176073936167,4;0;0;0,2.2643684162380007
35,recovery,7.397981864460619,252.87268962381202,7.187809776844814,202.93449433602427,2;2;0;0,1.0,7.397981864460619,222.83245181279185,4;0;0;0,1.0,7.397981864460619,232.5997426038223,4;0;0;0,1.9482763121785005
36,recovery,7.896405427528509,260.7690950513405,7.67719304970427,210.61168738572854,3;0;1;0,1.0,7.896405427528509,230.72885724032037,4;0;0;0,1.0,7.896405427528509,240.49614803135083,4;0;0;0,1.7112072341338753
37,recovery,7.813330026535072,268.5824250778756,7.480281628184282,218.09196901391283,3;1;0;0,1.0,7.306879797768612,238.03573703808897,4;0;0;0,1.0,7.306879797768612,247.80302782911943,4;0;0;0,1.5334054256004066
38,recovery,8.617941509828242,277.20036658770385,7.99297065974583,226.08493967365865,2;0;2;0,1.0,7.99297065974583,246.0287076978348,2;0;2;0,1.0,7.99297065974583,255.79599848886525,2;0;2;0,1.400054069200305
39,recovery,8.30971958955135,285.5100861772552,8.010947129043133,234.09588680270178,3;0;1;0,1.0,8.221963896004178,254.25067159383897,4;0;0;0,1.0,8.221963896004178,264.0179623848694,4;0;0;0,1.3000405519002287
